Model,Dataset,IR,Source,Accuracy_mean,Accuracy_std,Precision_mean,Precision_std,Recall_mean,Recall_std,F1_mean,F1_std,GMean_mean,GMean_std,AUC_mean,AUC_std,MCC_mean,MCC_std,AUPRC_mean,AUPRC_std,IBA_mean,IBA_std,Kappa_mean,Kappa_std,Runtime_mean,Runtime_std
SPE,ecoli1,-,keel,0.8676470588235294,0.0,0.8194968553459119,0.0,0.8052884615384616,0.0,0.8119815668202766,0.0,0.7966275068156915,0.0,0.9122596153846153,0.0,0.6246237377331407,0.0,0.8079091169193724,0.0,0.8191625832100593,0.0,0.624078624078624,0.0,0.3898965999833308,0.0
DeepSMOTE,ecoli1,-,keel,0.8235294117647058,0.0,0.7548076923076923,0.0,0.7548076923076923,0.0,0.7548076923076923,0.0,0.7435621126608156,0.0,0.8834134615384615,0.0,0.5096153846153846,0.0,0.7203932709447416,0.0,0.7716577292899408,0.0,0.5096153846153846,0.0,1.3569625999662094,0.0
DDPM,ecoli1,-,keel,0.8823529411764706,0.0,0.8365384615384616,0.0,0.8365384615384616,0.0,0.8365384615384616,0.0,0.8320502943378437,0.0,0.8786057692307693,0.0,0.6730769230769231,0.0,0.7794998893005859,0.0,0.8440273668639053,0.0,0.6730769230769231,0.0,4.466892099997494,0.0
DBCF,ecoli1,-,keel,0.8823529411764706,0.0,0.8311111111111111,0.0,0.8581730769230769,0.0,0.8431372549019607,0.0,0.8569568250501305,0.0,0.9459134615384615,0.0,0.6887527436463262,0.0,0.8371792151203916,0.0,0.8602591068786982,0.0,0.6866359447004609,0.0,18.757534000033047,0.0
DEAHS,ecoli1,-,keel,0.8529411764705882,0.0,0.79375,0.0,0.8389423076923077,0.0,0.8111111111111111,0.0,0.8385254915624212,0.0,0.9236778846153846,0.0,0.6310762327472502,0.0,0.7559733669108668,0.0,0.8396415033284024,0.0,0.6238938053097345,0.0,2.5344378000008874,0.0
s_smote,ecoli1,-,keel,0.8382352941176471,0.0,0.7749731471535983,0.0,0.8076923076923077,0.0,0.7884016973125885,0.0,0.805629233294362,0.0,0.905048076923077,0.0,0.5817460690064254,0.0,0.750765657953158,0.0,0.8110207100591715,0.0,0.5778781038374718,0.0,2.4103066999814473,0.0
scut,ecoli1,-,keel,0.8823529411764706,0.0,0.8311111111111111,0.0,0.8581730769230769,0.0,0.8431372549019607,0.0,0.8569568250501305,0.0,0.9104567307692307,0.0,0.6887527436463262,0.0,0.8055234711968458,0.0,0.8602591068786982,0.0,0.6866359447004609,0.0,0.12198039999930188,0.0
mdo,ecoli1,-,keel,0.8529411764705882,0.0,0.7956730769230769,0.0,0.7956730769230769,0.0,0.7956730769230769,0.0,0.7882856276561375,0.0,0.9170673076923077,0.0,0.5913461538461539,0.0,0.778119080566836,0.0,0.8073744914940828,0.0,0.5913461538461537,0.0,0.04338849999476224,0.0
smom,ecoli1,-,keel,0.8676470588235294,0.0,0.8137254901960784,0.0,0.8269230769230769,0.0,0.8199470432480142,0.0,0.8233374857156787,0.0,0.9399038461538461,0.0,0.6405126152203485,0.0,0.8157289501039502,0.0,0.8328402366863905,0.0,0.64,0.0,0.03538850002223626,0.0
soup,ecoli1,-,keel,0.8676470588235294,0.0,0.8120567375886525,0.0,0.8701923076923077,0.0,0.8329238329238329,0.0,0.8701790266729821,0.0,0.8768028846153846,0.0,0.6797676185841045,0.0,0.7131834990774619,0.0,0.8702154215976332,0.0,0.6681127982646421,0.0,0.03714719996787608,0.0
mc_rbo,ecoli1,-,keel,0.8382352941176471,0.0,0.7767295597484276,0.0,0.7644230769230769,0.0,0.770199692780338,0.0,0.7516008556101078,0.0,0.8677884615384615,0.0,0.541012686225555,0.0,0.7573154530260762,0.0,0.7838618713017751,0.0,0.5405405405405406,0.0,0.03854539996245876,0.0
mc_ccr,ecoli1,-,keel,0.8970588235294118,0.0,0.8529411764705882,0.0,0.8677884615384616,0.0,0.8599588114151221,0.0,0.8660254037844386,0.0,0.9002403846153845,0.0,0.7205766921228921,0.0,0.7648478835978836,0.0,0.8708452755177516,0.0,0.72,0.0,0.036666000029072165,0.0
ocsv_us,ecoli1,-,keel,0.8676470588235294,0.0,0.8114930182599356,0.0,0.8485576923076923,0.0,0.8268741159830268,0.0,0.8477912478906585,0.0,0.9435096153846155,0.0,0.6590092187963412,0.0,0.8759078092959671,0.0,0.8498578494822485,0.0,0.654627539503386,0.0,0.8834597000386566,0.0
shsampler,ecoli1,-,keel,0.8676470588235294,0.0,0.8194968553459119,0.0,0.8052884615384616,0.0,0.8119815668202766,0.0,0.7966275068156915,0.0,0.924278846153846,0.0,0.6246237377331407,0.0,0.7901587301587302,0.0,0.8191625832100593,0.0,0.624078624078624,0.0,0.03998250002041459,0.0
mc_evhs,ecoli1,-,keel,0.8676470588235294,0.0,0.8120567375886525,0.0,0.8701923076923077,0.0,0.8329238329238329,0.0,0.8701790266729821,0.0,0.8864182692307693,0.0,0.6797676185841045,0.0,0.6678873134948986,0.0,0.8702154215976332,0.0,0.6681127982646421,0.0,0.042156999988947064,0.0
nromm,ecoli1,-,keel,0.8676470588235294,0.0,0.8137254901960784,0.0,0.8269230769230769,0.0,0.8199470432480142,0.0,0.8233374857156787,0.0,0.8870192307692308,0.0,0.6405126152203485,0.0,0.6272459464555054,0.0,0.8328402366863905,0.0,0.64,0.0,0.04034579999279231,0.0
orem_m,ecoli1,-,keel,0.8823529411764706,0.0,0.8311111111111111,0.0,0.8581730769230769,0.0,0.8431372549019607,0.0,0.8569568250501305,0.0,0.9104567307692308,0.0,0.6887527436463262,0.0,0.7771344990578737,0.0,0.8602591068786982,0.0,0.6866359447004609,0.0,0.06235660001402721,0.0
glos,ecoli1,-,keel,0.8676470588235294,0.0,0.8114930182599356,0.0,0.8485576923076923,0.0,0.8268741159830268,0.0,0.8477912478906585,0.0,0.9176682692307692,0.0,0.6590092187963412,0.0,0.7828915118679051,0.0,0.8498578494822485,0.0,0.654627539503386,0.0,0.03849669999908656,0.0
mc_nro,ecoli1,-,keel,0.8676470588235294,0.0,0.8137254901960784,0.0,0.8269230769230769,0.0,0.8199470432480142,0.0,0.8233374857156787,0.0,0.8599759615384615,0.0,0.6405126152203485,0.0,0.6851382889985831,0.0,0.8328402366863905,0.0,0.64,0.0,0.043826800014358014,0.0
easy_bpnn,ecoli1,-,keel,0.8970588235294118,0.0,0.8480128893662728,0.0,0.8894230769230769,0.0,0.8653465346534654,0.0,0.8893061253670664,0.0,0.9447115384615384,0.0,0.7362723685862571,0.0,0.8104567271311408,0.0,0.8896311020710059,0.0,0.7313769751693002,0.0,0.022240700025577098,0.0
amcs,ecoli1,-,keel,0.8088235294117647,0.0,0.7392344497607655,0.0,0.6802884615384616,0.0,0.6996262317363235,0.0,0.6354889093022426,0.0,0.8569711538461539,0.0,0.41536110022181316,0.0,0.6107403158631873,0.0,0.7392346985946747,0.0,0.4043126684636119,0.0,0.18887310003628954,0.0
des_mi,ecoli1,-,keel,0.8676470588235294,0.0,0.8137254901960784,0.0,0.8269230769230769,0.0,0.8199470432480142,0.0,0.8233374857156787,0.0,0.8503605769230769,0.0,0.6405126152203485,0.0,0.6120881956021276,0.0,0.8328402366863905,0.0,0.64,0.0,0.010505499958526343,0.0
drcw_aseg,ecoli1,-,keel,0.8382352941176471,0.0,0.7767295597484276,0.0,0.7644230769230769,0.0,0.770199692780338,0.0,0.7516008556101078,0.0,0.8503605769230769,0.0,0.541012686225555,0.0,0.6226903356039386,0.0,0.7838618713017751,0.0,0.5405405405405406,0.0,0.004555599996820092,0.0
pt_bagging,ecoli1,-,keel,0.8529411764705882,0.0,0.8015873015873016,0.0,0.7740384615384616,0.0,0.7861635220125787,0.0,0.75955452531275,0.0,0.8545673076923077,0.0,0.5749661560353623,0.0,0.6385089562140647,0.0,0.796250924556213,0.0,0.5728643216080402,0.0,0.004872599965892732,0.0
evinci,ecoli1,-,keel,0.8676470588235294,0.0,0.8114930182599356,0.0,0.8485576923076923,0.0,0.8268741159830268,0.0,0.8477912478906585,0.0,0.8888221153846153,0.0,0.6590092187963412,0.0,0.6948893791966547,0.0,0.8498578494822485,0.0,0.654627539503386,0.0,0.013022599974647164,0.0
multirandbal,ecoli1,-,keel,0.8676470588235294,0.0,0.8114930182599356,0.0,0.8485576923076923,0.0,0.8268741159830268,0.0,0.8477912478906585,0.0,0.875,0.0,0.6590092187963412,0.0,0.6329912173202614,0.0,0.8498578494822485,0.0,0.654627539503386,0.0,0.010200500022619963,0.0
dpse,ecoli1,-,keel,0.8529411764705882,0.0,0.7933333333333333,0.0,0.8173076923076923,0.0,0.803921568627451,0.0,0.8145314840210527,0.0,0.9014423076923076,0.0,0.610170215847752,0.0,0.7637867647058824,0.0,0.8218380177514792,0.0,0.6082949308755761,0.0,0.004091500013601035,0.0
oremboost,ecoli1,-,keel,0.8823529411764706,0.0,0.8365384615384616,0.0,0.8365384615384616,0.0,0.8365384615384616,0.0,0.8320502943378437,0.0,0.8912259615384615,0.0,0.6730769230769231,0.0,0.7570483642174819,0.0,0.8440273668639053,0.0,0.6730769230769231,0.0,0.11789950000820681,0.0
e_evrs,ecoli1,-,keel,0.8676470588235294,0.0,0.8114930182599356,0.0,0.8485576923076923,0.0,0.8268741159830268,0.0,0.8477912478906585,0.0,0.8786057692307692,0.0,0.6590092187963412,0.0,0.6578839869281046,0.0,0.8498578494822485,0.0,0.654627539503386,0.0,0.04444490000605583,0.0
adaboost_ad,ecoli1,-,keel,0.8382352941176471,0.0,0.7745098039215687,0.0,0.7860576923076923,0.0,0.7799352750809061,0.0,0.7798545229227544,0.0,0.884014423076923,0.0,0.560448538317805,0.0,0.7696717016221326,0.0,0.7957713110207101,0.0,0.56,0.0,0.007176500046625733,0.0
SPE,glass,-,keel,0.7209302325581395,0.0,0.7828877005347593,0.0,0.7787698412698413,0.0,0.7726503385105535,0.0,0.7279559852588364,0.0,0.9070235054430457,0.0,0.633239476568757,0.0,0.818352784662252,0.0,0.7427878762456451,0.0,0.6244541484716157,0.0,0.37978379998821765,0.0
DeepSMOTE,glass,-,keel,0.7674418604651163,0.0,0.6697303921568628,0.0,0.5838293650793651,0.0,0.6159640762463344,0.0,0.0,0.0,0.9358409723352251,0.0,0.6756012846972864,0.0,0.8054909741107656,0.0,0.5328517233641541,0.0,0.6722560975609756,0.0,0.22676280001178384,0.0
DDPM,glass,-,keel,0.813953488372093,0.0,0.6787581699346404,0.0,0.6671626984126985,0.0,0.6688172043010753,0.0,0.0,0.0,0.9802666788298972,0.0,0.7429388606836923,0.0,0.9243475016269134,0.0,0.6437699332406973,0.0,0.7393939393939394,0.0,6.60518630000297,0.0
DBCF,glass,-,keel,0.8372093023255814,0.0,0.8335667600373483,0.0,0.7872023809523809,0.0,0.8046897546897548,0.0,0.7396119202396468,0.0,0.9683049017819133,0.0,0.7741394046269683,0.0,0.9040878176332044,0.0,0.7452012441111502,0.0,0.7735139202407826,0.0,1.864356999984011,0.0
DEAHS,glass,-,keel,0.8372093023255814,0.0,0.8400793650793651,0.0,0.7886904761904763,0.0,0.8043837882547561,0.0,0.7418363755904023,0.0,0.9622162032722376,0.0,0.7760745987346228,0.0,0.8876058564163319,0.0,0.7478343049168684,0.0,0.7736842105263158,0.0,2.224696599994786,0.0
s_smote,glass,-,keel,0.627906976744186,0.0,0.7765567765567766,0.0,0.7822420634920636,0.0,0.7206780538302278,0.0,0.7279559852588364,0.0,0.8770692182330113,0.0,0.5636983106116074,0.0,0.7236122906901415,0.0,0.7597856227221093,0.0,0.5284441398217956,0.0,0.49469239998143166,0.0
scut,glass,-,keel,0.6511627906976745,0.0,0.7111111111111111,0.0,0.6865079365079364,0.0,0.6873192167309813,0.0,0.646110525007457,0.0,0.9335235738612176,0.0,0.5394688708299324,0.0,0.8457156454584638,0.0,0.6299117188382377,0.0,0.524686809137804,0.0,0.1836726000183262,0.0
mdo,glass,-,keel,0.7906976744186046,0.0,0.6706349206349206,0.0,0.6567460317460317,0.0,0.6583333333333333,0.0,0.0,0.0,0.954334481238217,0.0,0.7133955042553908,0.0,0.8877575396511063,0.0,0.632500830792087,0.0,0.7072617246596067,0.0,0.038295599981211126,0.0
smom,glass,-,keel,0.7674418604651163,0.0,0.687091503267974,0.0,0.628968253968254,0.0,0.6499918540241122,0.0,0.0,0.0,0.9721681708391477,0.0,0.6751333496083947,0.0,0.9212757325152282,0.0,0.5774914803085985,0.0,0.6717557251908397,0.0,0.08103090000804514,0.0
soup,glass,-,keel,0.6976744186046512,0.0,0.7374999999999999,0.0,0.8149801587301587,0.0,0.7447478991596638,0.0,0.7822734209794107,0.0,0.9503525436355896,0.0,0.6183531986803371,0.0,0.8735583437741635,0.0,0.7883556259149573,0.0,0.5955137481910275,0.0,0.040211500017903745,0.0
mc_rbo,glass,-,keel,0.7674418604651163,0.0,0.6706349206349206,0.0,0.6289682539682541,0.0,0.6431818181818182,0.0,0.0,0.0,0.9336315225323846,0.0,0.681744008719764,0.0,0.7853096115532564,0.0,0.5931489789402351,0.0,0.6759608138658628,0.0,0.03587959997821599,0.0
mc_ccr,glass,-,keel,0.8604651162790697,0.0,0.8703703703703703,0.0,0.845734126984127,0.0,0.8515086206896552,0.0,0.7944859814932294,0.0,0.9605289864988141,0.0,0.8150300066644359,0.0,0.8619080611880857,0.0,0.8230290730396564,0.0,0.8070306656694092,0.0,0.03909109998494387,0.0
ocsv_us,glass,-,keel,0.3953488372093023,0.0,0.45382395382395385,0.0,0.3645833333333333,0.0,0.3638486312399356,0.0,0.0,0.0,0.7859008382356083,0.0,0.19536416605783277,0.0,0.5291253658374586,0.0,0.3123536588851783,0.0,0.18334550766983204,0.0,0.7483801000053063,0.0
shsampler,glass,-,keel,0.813953488372093,0.0,0.6787581699346404,0.0,0.6671626984126985,0.0,0.6688172043010753,0.0,0.0,0.0,0.9612395852338381,0.0,0.7429388606836923,0.0,0.8028059414643467,0.0,0.6437699332406973,0.0,0.7393939393939394,0.0,0.04840869997860864,0.0
mc_evhs,glass,-,keel,0.7441860465116279,0.0,0.8175925925925925,0.0,0.8373015873015873,0.0,0.8116153127917833,0.0,0.8115625398010615,0.0,0.954009875022806,0.0,0.6752889953271601,0.0,0.868818447477396,0.0,0.8124655194133847,0.0,0.653986832479883,0.0,0.08853529999032617,0.0
nromm,glass,-,keel,0.7674418604651163,0.0,0.8123338649654439,0.0,0.8025793650793651,0.0,0.8002244668911335,0.0,0.7504158448632352,0.0,0.9557769643617345,0.0,0.6948446942070189,0.0,0.8455703655134678,0.0,0.7748847954731062,0.0,0.6819526627218935,0.0,0.07849960000021383,0.0
orem_m,glass,-,keel,0.7674418604651163,0.0,0.6617647058823529,0.0,0.5560515873015873,0.0,0.577012056044314,0.0,0.0,0.0,0.9634323876421577,0.0,0.6724886034819423,0.0,0.8207735408678034,0.0,0.5191557357098331,0.0,0.6676970633693973,0.0,0.11475340003380552,0.0
glos,glass,-,keel,0.7674418604651163,0.0,0.6355042016806722,0.0,0.6011904761904762,0.0,0.609984639016897,0.0,0.0,0.0,0.9450334108739281,0.0,0.6815655337973734,0.0,0.8380524452629183,0.0,0.5573525914197096,0.0,0.6774193548387097,0.0,0.11892599996645004,0.0
mc_nro,glass,-,keel,0.813953488372093,0.0,0.8270487682252389,0.0,0.8234126984126985,0.0,0.8225188481028303,0.0,0.773568665723073,0.0,0.9454918126254332,0.0,0.7498151754441628,0.0,0.8441787126493553,0.0,0.7950840729011911,0.0,0.7448071216617211,0.0,0.03794499998912215,0.0
easy_bpnn,glass,-,keel,0.5116279069767442,0.0,0.7409722222222221,0.0,0.7286706349206349,0.0,0.6328353563647681,0.0,0.5469956492462146,0.0,0.8600852186340692,0.0,0.4608689840775336,0.0,0.7151235196240607,0.0,0.7192065742125394,0.0,0.40396039603960376,0.0,0.012705400004051626,0.0
amcs,glass,-,keel,0.7906976744186046,0.0,0.6538011695906433,0.0,0.5491071428571429,0.0,0.5696770662287903,0.0,0.0,0.0,0.958567614206982,0.0,0.7051408737463511,0.0,0.811852880932279,0.0,0.5069436955703505,0.0,0.7,0.0,0.1366058000130579,0.0
des_mi,glass,-,keel,0.627906976744186,0.0,0.7777777777777777,0.0,0.6498015873015873,0.0,0.6685964912280702,0.0,0.5738613752503079,0.0,0.9153264306999939,0.0,0.5111502142881019,0.0,0.8256583266627345,0.0,0.6167525355448693,0.0,0.47996976568405136,0.0,0.2658126999740489,0.0
drcw_aseg,glass,-,keel,0.6976744186046512,0.0,0.7129629629629629,0.0,0.5059523809523809,0.0,0.5504122103386809,0.0,0.0,0.0,0.8355675667457277,0.0,0.5688370891720461,0.0,0.6852377200536095,0.0,0.4573791441864102,0.0,0.5608798114689708,0.0,0.006106499989982694,0.0
pt_bagging,glass,-,keel,0.6976744186046512,0.0,0.7129629629629629,0.0,0.5059523809523809,0.0,0.5504122103386809,0.0,0.0,0.0,0.8368283616128444,0.0,0.5688370891720461,0.0,0.6813787426563724,0.0,0.4573791441864102,0.0,0.5608798114689708,0.0,0.006246800010558218,0.0
evinci,glass,-,keel,0.6744186046511628,0.0,0.6757448433919021,0.0,0.6676587301587302,0.0,0.6209409368011518,0.0,0.6061567029987441,0.0,0.9076064518952451,0.0,0.5707010425967695,0.0,0.738894998667056,0.0,0.6173946258523948,0.0,0.5615440640932265,0.0,0.014576199988368899,0.0
multirandbal,glass,-,keel,0.7209302325581395,0.0,0.6607142857142857,0.0,0.7162698412698413,0.0,0.6685786435786435,0.0,0.6803878944444266,0.0,0.9448310071154898,0.0,0.6178454030805389,0.0,0.827941862351001,0.0,0.6579527165272239,0.0,0.6169265033407573,0.0,0.21382040000753477,0.0
dpse,glass,-,keel,0.6976744186046512,0.0,0.7605820105820106,0.0,0.6622023809523809,0.0,0.6812499999999999,0.0,0.6069956788984552,0.0,0.9072222725599163,0.0,0.5832317587921443,0.0,0.7335601865978029,0.0,0.6070931159706945,0.0,0.5777945619335347,0.0,0.0644536999752745,0.0
oremboost,glass,-,keel,0.5813953488372093,0.0,0.6375000000000001,0.0,0.652281746031746,0.0,0.6147504456327986,0.0,0.0,0.0,0.8416465213160617,0.0,0.458721636278738,0.0,0.73123043530078,0.0,0.6247218390668847,0.0,0.44115523465703976,0.0,0.7976490000146441,0.0
e_evrs,glass,-,keel,0.7209302325581395,0.0,0.7117446393762182,0.0,0.8095238095238094,0.0,0.7286002886002886,0.0,0.7872725666763027,0.0,0.9266025056254942,0.0,0.645089999967179,0.0,0.713529968699457,0.0,0.7740236292473567,0.0,0.6268980477223428,0.0,0.3369119999697432,0.0
adaboost_ad,glass,-,keel,0.6744186046511628,0.0,0.7592592592592592,0.0,0.7579365079365079,0.0,0.7483974358974358,0.0,0.7013801204789729,0.0,0.9235005017332604,0.0,0.5741896641387316,0.0,0.8259348996221739,0.0,0.7238624121423793,0.0,0.5625,0.0,0.006348299968522042,0.0
SPE,IR5_CWRU,IR5,bearing,1.0,0.0,1.0,0.0,1.0,0.0,1.0,0.0,1.0,0.0,1.0,0.0,1.0,0.0,1.0,0.0,1.0,0.0,1.0,0.0,0.38347860000794753,0.0
DeepSMOTE,IR5_CWRU,IR5,bearing,1.0,0.0,1.0,0.0,1.0,0.0,1.0,0.0,1.0,0.0,1.0,0.0,1.0,0.0,1.0,0.0,1.0,0.0,1.0,0.0,0.42091349995462224,0.0
DDPM,IR5_CWRU,IR5,bearing,1.0,0.0,1.0,0.0,1.0,0.0,1.0,0.0,1.0,0.0,1.0,0.0,1.0,0.0,1.0,0.0,1.0,0.0,1.0,0.0,16.701859800028615,0.0
DBCF,IR5_CWRU,IR5,bearing,0.9819819819819819,0.0,0.9930555555555556,0.0,0.9642857142857143,0.0,0.9772481040086674,0.0,0.9621954581957615,0.0,1.0,0.0,0.9678181484941493,0.0,0.9999999999999998,0.0,0.9550771528123445,0.0,0.9671013633669235,0.0,1.4273421000107192,0.0
DEAHS,IR5_CWRU,IR5,bearing,1.0,0.0,1.0,0.0,1.0,0.0,1.0,0.0,1.0,0.0,1.0,0.0,1.0,0.0,1.0,0.0,1.0,0.0,1.0,0.0,2.229406599944923,0.0
s_smote,IR5_CWRU,IR5,bearing,1.0,0.0,1.0,0.0,1.0,0.0,1.0,0.0,1.0,0.0,1.0,0.0,1.0,0.0,0.9999999999999998,0.0,1.0,0.0,1.0,0.0,1.2255559000186622,0.0
scut,IR5_CWRU,IR5,bearing,1.0,0.0,1.0,0.0,1.0,0.0,1.0,0.0,1.0,0.0,1.0,0.0,1.0,0.0,1.0,0.0,1.0,0.0,1.0,0.0,0.16778170003090054,0.0
mdo,IR5_CWRU,IR5,bearing,1.0,0.0,1.0,0.0,1.0,0.0,1.0,0.0,1.0,0.0,1.0,0.0,1.0,0.0,1.0,0.0,1.0,0.0,1.0,0.0,0.05156389996409416,0.0
smom,IR5_CWRU,IR5,bearing,1.0,0.0,1.0,0.0,1.0,0.0,1.0,0.0,1.0,0.0,1.0,0.0,1.0,0.0,1.0,0.0,1.0,0.0,1.0,0.0,0.11914429999887943,0.0
soup,IR5_CWRU,IR5,bearing,1.0,0.0,1.0,0.0,1.0,0.0,1.0,0.0,1.0,0.0,1.0,0.0,1.0,0.0,1.0,0.0,1.0,0.0,1.0,0.0,0.06872179999481887,0.0
mc_rbo,IR5_CWRU,IR5,bearing,1.0,0.0,1.0,0.0,1.0,0.0,1.0,0.0,1.0,0.0,1.0,0.0,1.0,0.0,1.0,0.0,1.0,0.0,1.0,0.0,0.09105469996575266,0.0
mc_ccr,IR5_CWRU,IR5,bearing,1.0,0.0,1.0,0.0,1.0,0.0,1.0,0.0,1.0,0.0,1.0,0.0,1.0,0.0,1.0,0.0,1.0,0.0,1.0,0.0,0.11849079997045919,0.0
ocsv_us,IR5_CWRU,IR5,bearing,0.990990990990991,0.0,0.9833333333333334,0.0,0.9821428571428572,0.0,0.9821200510855683,0.0,0.981643576691373,0.0,1.0,0.0,0.9839626872325199,0.0,1.0,0.0,0.9751407006101409,0.0,0.9838192419825073,0.0,0.6780143999494612,0.0
shsampler,IR5_CWRU,IR5,bearing,1.0,0.0,1.0,0.0,1.0,0.0,1.0,0.0,1.0,0.0,1.0,0.0,1.0,0.0,1.0,0.0,1.0,0.0,1.0,0.0,0.21319699997548014,0.0
mc_evhs,IR5_CWRU,IR5,bearing,1.0,0.0,1.0,0.0,1.0,0.0,1.0,0.0,1.0,0.0,1.0,0.0,1.0,0.0,1.0,0.0,1.0,0.0,1.0,0.0,0.13838449999457225,0.0
nromm,IR5_CWRU,IR5,bearing,1.0,0.0,1.0,0.0,1.0,0.0,1.0,0.0,1.0,0.0,1.0,0.0,1.0,0.0,1.0,0.0,1.0,0.0,1.0,0.0,0.12162789999274537,0.0
orem_m,IR5_CWRU,IR5,bearing,1.0,0.0,1.0,0.0,1.0,0.0,1.0,0.0,1.0,0.0,1.0,0.0,1.0,0.0,1.0,0.0,1.0,0.0,1.0,0.0,8.168534099997487,0.0
glos,IR5_CWRU,IR5,bearing,1.0,0.0,1.0,0.0,1.0,0.0,1.0,0.0,1.0,0.0,1.0,0.0,1.0,0.0,1.0,0.0,1.0,0.0,1.0,0.0,0.07710450002923608,0.0
mc_nro,IR5_CWRU,IR5,bearing,0.990990990990991,0.0,0.9833333333333334,0.0,0.9964285714285714,0.0,0.9895807491937485,0.0,0.9964092777538485,0.0,1.0,0.0,0.9841236815940326,0.0,1.0,0.0,0.9959570271407532,0.0,0.9839502602660497,0.0,0.1336758000543341,0.0
easy_bpnn,IR5_CWRU,IR5,bearing,1.0,0.0,1.0,0.0,1.0,0.0,1.0,0.0,1.0,0.0,1.0,0.0,1.0,0.0,0.9999999999999998,0.0,1.0,0.0,1.0,0.0,0.10148620000109076,0.0
amcs,IR5_CWRU,IR5,bearing,0.990990990990991,0.0,0.9964788732394366,0.0,0.9821428571428572,0.0,0.9889676910953507,0.0,0.981643576691373,0.0,0.9880226480836237,0.0,0.983865198144356,0.0,0.9808739826345461,0.0,0.9769008213041315,0.0,0.9836860670194003,0.0,0.13836480001918972,0.0
des_mi,IR5_CWRU,IR5,bearing,1.0,0.0,1.0,0.0,1.0,0.0,1.0,0.0,1.0,0.0,1.0,0.0,1.0,0.0,1.0,0.0,1.0,0.0,1.0,0.0,0.29774349997751415,0.0
drcw_aseg,IR5_CWRU,IR5,bearing,0.990990990990991,0.0,0.9833333333333334,0.0,0.9807692307692308,0.0,0.9813793103448276,0.0,0.9801882078613897,0.0,0.9996196734046513,0.0,0.9839603801330682,0.0,0.9974358974358974,0.0,0.9731821509180748,0.0,0.9838168829275404,0.0,0.012861700030043721,0.0
pt_bagging,IR5_CWRU,IR5,bearing,0.990990990990991,0.0,0.9833333333333334,0.0,0.9807692307692308,0.0,0.9813793103448276,0.0,0.9801882078613897,0.0,0.9996196734046513,0.0,0.9839603801330682,0.0,0.9974358974358974,0.0,0.9731821509180748,0.0,0.9838168829275404,0.0,0.012245599995367229,0.0
evinci,IR5_CWRU,IR5,bearing,0.990990990990991,0.0,0.9821428571428572,0.0,0.9964285714285714,0.0,0.9889421795896616,0.0,0.9964092777538485,0.0,1.0,0.0,0.9841271147475801,0.0,1.0,0.0,0.9959438775510203,0.0,0.9839525805985254,0.0,0.018804099992848933,0.0
multirandbal,IR5_CWRU,IR5,bearing,1.0,0.0,1.0,0.0,1.0,0.0,1.0,0.0,1.0,0.0,1.0,0.0,1.0,0.0,1.0,0.0,1.0,0.0,1.0,0.0,0.27588199998717755,0.0
dpse,IR5_CWRU,IR5,bearing,1.0,0.0,1.0,0.0,1.0,0.0,1.0,0.0,1.0,0.0,0.0,0.0,1.0,0.0,0.0,0.0,1.0,0.0,1.0,0.0,0.12176569999428466,0.0
oremboost,IR5_CWRU,IR5,bearing,0.972972972972973,0.0,0.9558823529411764,0.0,0.9423076923076923,0.0,0.9431977559607293,0.0,0.9365137582048805,0.0,1.0,0.0,0.9526883785909914,0.0,1.0,0.0,0.9239843225767096,0.0,0.9514364882601721,0.0,40.651986700017005,0.0
e_evrs,IR5_CWRU,IR5,bearing,0.990990990990991,0.0,0.9833333333333334,0.0,0.9807692307692308,0.0,0.9813793103448276,0.0,0.9801882078613897,0.0,0.9985151078670961,0.0,0.9839603801330682,0.0,0.981959706959707,0.0,0.9731821509180748,0.0,0.9838168829275404,0.0,0.5963714999961667,0.0
adaboost_ad,IR5_CWRU,IR5,bearing,0.990990990990991,0.0,0.9964788732394366,0.0,0.9821428571428572,0.0,0.9889676910953507,0.0,0.981643576691373,0.0,1.0,0.0,0.983865198144356,0.0,1.0,0.0,0.9769008213041315,0.0,0.9836860670194003,0.0,0.04988740000408143,0.0
